id,first_name,last_name,email,ip_address
1,John,Doe,john.doe@example.com,192.168.1.10
2,Jane,Smith,jane.smith@example.com,192.168.1.12
3,Peter,Jones,peter.jones@example.com,10.0.0.5
4,Mary,Johnson,mary.johnson@example.com,172.17.0.1
5,David,Williams,david.williams@example.com,192.168.1.15
6,Sarah,Brown,sarah.brown@example.com,10.0.0.8
7,Michael,Davis,michael.davis@example.com,192.168.1.20
8,Jennifer,Miller,jennifer.miller@example.com,10.0.0.1
9,Robert,Wilson,robert.wilson@example.com,192.168.1.18
10,Linda,Moore,linda.moore@example.com,10.0.0.9
